{"cameraMode":{"drawMode":0,"name":"Shaded","section":"Shading Mode"},"sceneLighting":true,"audioPlay":false,"sceneViewState":{"showFog":true,"showMaterialUpdate":false,"showSkybox":true,"showFlares":true,"showImageEffects":true,"showParticleSystems":true},"in2DMode":false,"pivot":{"x":39.809356689453128,"y":7.562644958496094,"z":37.492244720458987},"rotation":{"x":-0.06416790932416916,"y":0.9211037158966065,"z":-0.17219336330890656,"w":-0.3432382345199585},"size":6.207845687866211,"orthographic":false}